repo_name,easy_file,hard_file
rqlite/rqlite,cmd/rqlited/main.go,cluster/service.go
hajimehoshi/ebiten,internal/shaderir/program.go,internal/mipmap/mipmap.go
hajimehoshi/ebiten,internal/graphicsdriver/opengl/program.go,internal/graphicscommand/command.go
hajimehoshi/ebiten,internal/graphicsdriver/opengl/program.go,internal/graphicscommand/image.go
hajimehoshi/ebiten,internal/graphicsdriver/opengl/program.go,internal/packing/packing.go
hajimehoshi/ebiten,internal/graphicsdriver/opengl/gl_js.go,internal/atlas/image.go
hajimehoshi/ebiten,gameforui.go,internal/graphicsdriver/directx/api_windows.go
hajimehoshi/ebiten,internal/builtinshader/shader.go,internal/graphicsdriver/directx/api_windows.go
hajimehoshi/ebiten,examples/lines/main.go,internal/graphicsdriver/directx/api_windows.go
hajimehoshi/ebiten,internal/graphicsdriver/graphics.go,internal/graphicsdriver/directx/api_windows.go
hajimehoshi/ebiten,internal/ui/context.go,internal/graphicsdriver/directx/api_windows.go
hashicorp/terraform,internal/terraform/context_apply.go,internal/terraform/context_plan.go
hashicorp/terraform,internal/terraform/context_apply.go,internal/terraform/graph_builder_plan.go
hashicorp/terraform,internal/terraform/context_apply.go,internal/terraform/transform_output.go
cloudfoundry-community/go-cfclient,client/feature_flag.go,client/apps.go
cloudfoundry-community/go-cfclient,client/job.go,client/apps.go
cloudfoundry-community/go-cfclient,client/envar_group.go,client/apps.go
cloudfoundry-community/go-cfclient,client/pager.go,client/apps.go
cloudfoundry-community/go-cfclient,client/task.go,client/apps.go
cloudfoundry-community/go-cfclient,client/space.go,client/apps.go
cloudfoundry-community/go-cfclient,client/app.go,client/apps.go
cloudfoundry-community/go-cfclient,client/app_features.go,client/apps.go
cloudfoundry-community/go-cfclient,client/filter.go,client/apps.go
cloudfoundry-community/go-cfclient,client/role.go,client/apps.go
cloudfoundry-community/go-cfclient,client/stack.go,client/apps.go
cloudfoundry-community/go-cfclient,client/isolation_segment.go,client/apps.go
cloudfoundry-community/go-cfclient,client/organization.go,client/apps.go
cloudfoundry-community/go-cfclient,client/service_offering.go,client/apps.go
cloudfoundry-community/go-cfclient,client/service_broker.go,client/apps.go
cloudfoundry-community/go-cfclient,client/service_plan_visibility.go,client/apps.go
cloudfoundry-community/go-cfclient,client/app_usage.go,client/apps.go
cloudfoundry-community/go-cfclient,client/audit_event.go,client/apps.go
cloudfoundry-community/go-cfclient,client/sidecar.go,client/apps.go
cloudfoundry-community/go-cfclient,client/package.go,client/apps.go
cloudfoundry-community/go-cfclient,client/revision.go,client/apps.go
cloudfoundry-community/go-cfclient,client/space_feature.go,client/apps.go
cloudfoundry-community/go-cfclient,client/manifest.go,client/apps.go
cloudfoundry-community/go-cfclient,client/path.go,client/apps.go
cloudfoundry-community/go-cfclient,client/user.go,client/apps.go
cloudfoundry-community/go-cfclient,client/domain.go,client/apps.go
cloudfoundry-community/go-cfclient,client/organization_quota.go,client/apps.go
cloudfoundry-community/go-cfclient,client/service_usage.go,client/apps.go
cloudfoundry-community/go-cfclient,client/list_opts.go,client/apps.go
cloudfoundry-community/go-cfclient,client/space_quota.go,client/apps.go
cloudfoundry-community/go-cfclient,client/buildpack.go,client/apps.go
cloudfoundry-community/go-cfclient,client/security_group.go,client/apps.go
cloudfoundry-community/go-cfclient,client/resource_match.go,client/apps.go
cloudfoundry-community/go-cfclient,client/deployment.go,client/apps.go
cloudfoundry-community/go-cfclient,operation/manifest.go,client/apps.go
cloudfoundry-community/go-cfclient,client/config.go,client/apps.go
cloudfoundry-community/go-cfclient,client/process.go,client/apps.go
cloudfoundry-community/go-cfclient,client/deployment.go,client/error.go
cloudfoundry-community/go-cfclient,client/buildpack.go,client/error.go
cloudfoundry-community/go-cfclient,client/stack.go,client/error.go
cloudfoundry-community/go-cfclient,client/organization.go,client/error.go
cloudfoundry-community/go-cfclient,client/filter.go,client/error.go
cloudfoundry-community/go-cfclient,client/service_plan_visibility.go,client/error.go
cloudfoundry-community/go-cfclient,client/app.go,client/error.go
cloudfoundry-community/go-cfclient,client/job.go,client/error.go
cloudfoundry-community/go-cfclient,client/pager.go,client/error.go
cloudfoundry-community/go-cfclient,client/envar_group.go,client/error.go
cloudfoundry-community/go-cfclient,client/user.go,client/error.go
cloudfoundry-community/go-cfclient,client/service_usage.go,client/error.go
cloudfoundry-community/go-cfclient,client/isolation_segment.go,client/error.go
cloudfoundry-community/go-cfclient,client/space.go,client/error.go
cloudfoundry-community/go-cfclient,client/path.go,client/error.go
cloudfoundry-community/go-cfclient,client/resource_match.go,client/error.go
cloudfoundry-community/go-cfclient,client/app_usage.go,client/error.go
cloudfoundry-community/go-cfclient,client/list_opts.go,client/error.go
cloudfoundry-community/go-cfclient,client/manifest.go,client/error.go
cloudfoundry-community/go-cfclient,client/app_features.go,client/error.go
cloudfoundry-community/go-cfclient,client/space_quota.go,client/error.go
cloudfoundry-community/go-cfclient,client/domain.go,client/error.go
cloudfoundry-community/go-cfclient,client/sidecar.go,client/error.go
cloudfoundry-community/go-cfclient,client/feature_flag.go,client/error.go
cloudfoundry-community/go-cfclient,client/config.go,client/error.go
cloudfoundry-community/go-cfclient,client/process.go,client/error.go
cloudfoundry-community/go-cfclient,client/service_broker.go,client/error.go
cloudfoundry-community/go-cfclient,operation/manifest.go,client/error.go
cloudfoundry-community/go-cfclient,client/revision.go,client/error.go
cloudfoundry-community/go-cfclient,client/security_group.go,client/error.go
cloudfoundry-community/go-cfclient,client/space_feature.go,client/error.go
cloudfoundry-community/go-cfclient,client/package.go,client/error.go
cloudfoundry-community/go-cfclient,client/task.go,client/error.go
cloudfoundry-community/go-cfclient,client/organization_quota.go,client/error.go
cloudfoundry-community/go-cfclient,client/service_offering.go,client/error.go
cloudfoundry-community/go-cfclient,client/role.go,client/error.go
cloudfoundry-community/go-cfclient,client/audit_event.go,client/error.go
cloudfoundry-community/go-cfclient,client/filter.go,client/roles.go
cloudfoundry-community/go-cfclient,client/package.go,client/roles.go
cloudfoundry-community/go-cfclient,client/space_quota.go,client/roles.go
cloudfoundry-community/go-cfclient,client/envar_group.go,client/roles.go
cloudfoundry-community/go-cfclient,client/organization.go,client/roles.go
cloudfoundry-community/go-cfclient,client/pager.go,client/roles.go
cloudfoundry-community/go-cfclient,client/space.go,client/roles.go
cloudfoundry-community/go-cfclient,client/resource_match.go,client/roles.go
cloudfoundry-community/go-cfclient,client/revision.go,client/roles.go
cloudfoundry-community/go-cfclient,client/app_usage.go,client/roles.go
cloudfoundry-community/go-cfclient,client/sidecar.go,client/roles.go
cloudfoundry-community/go-cfclient,client/feature_flag.go,client/roles.go
cloudfoundry-community/go-cfclient,client/service_usage.go,client/roles.go
cloudfoundry-community/go-cfclient,client/service_plan_visibility.go,client/roles.go
cloudfoundry-community/go-cfclient,client/app_features.go,client/roles.go
cloudfoundry-community/go-cfclient,client/service_offering.go,client/roles.go
cloudfoundry-community/go-cfclient,client/role.go,client/roles.go
cloudfoundry-community/go-cfclient,client/deployment.go,client/roles.go
cloudfoundry-community/go-cfclient,client/manifest.go,client/roles.go
cloudfoundry-community/go-cfclient,client/security_group.go,client/roles.go
cloudfoundry-community/go-cfclient,client/process.go,client/roles.go
cloudfoundry-community/go-cfclient,client/domain.go,client/roles.go
cloudfoundry-community/go-cfclient,client/list_opts.go,client/roles.go
cloudfoundry-community/go-cfclient,client/buildpack.go,client/roles.go
cloudfoundry-community/go-cfclient,client/user.go,client/roles.go
cloudfoundry-community/go-cfclient,operation/manifest.go,client/roles.go
cloudfoundry-community/go-cfclient,client/path.go,client/roles.go
cloudfoundry-community/go-cfclient,client/audit_event.go,client/roles.go
cloudfoundry-community/go-cfclient,client/job.go,client/roles.go
cloudfoundry-community/go-cfclient,client/organization_quota.go,client/roles.go
cloudfoundry-community/go-cfclient,client/space_feature.go,client/roles.go
cloudfoundry-community/go-cfclient,client/task.go,client/roles.go
cloudfoundry-community/go-cfclient,client/app.go,client/roles.go
cloudfoundry-community/go-cfclient,client/config.go,client/roles.go
cloudfoundry-community/go-cfclient,client/isolation_segment.go,client/roles.go
cloudfoundry-community/go-cfclient,client/stack.go,client/roles.go
cloudfoundry-community/go-cfclient,client/service_broker.go,client/roles.go
cloudfoundry-community/go-cfclient,client/app_usage.go,client/users.go
cloudfoundry-community/go-cfclient,operation/manifest.go,client/users.go
cloudfoundry-community/go-cfclient,client/manifest.go,client/users.go
cloudfoundry-community/go-cfclient,client/package.go,client/users.go
cloudfoundry-community/go-cfclient,client/space.go,client/users.go
cloudfoundry-community/go-cfclient,client/app_features.go,client/users.go
cloudfoundry-community/go-cfclient,client/config.go,client/users.go
cloudfoundry-community/go-cfclient,client/list_opts.go,client/users.go
cloudfoundry-community/go-cfclient,client/sidecar.go,client/users.go
cloudfoundry-community/go-cfclient,client/resource_match.go,client/users.go
cloudfoundry-community/go-cfclient,client/organization.go,client/users.go
cloudfoundry-community/go-cfclient,client/feature_flag.go,client/users.go
cloudfoundry-community/go-cfclient,client/filter.go,client/users.go
cloudfoundry-community/go-cfclient,client/stack.go,client/users.go
cloudfoundry-community/go-cfclient,client/space_quota.go,client/users.go
cloudfoundry-community/go-cfclient,client/service_broker.go,client/users.go
cloudfoundry-community/go-cfclient,client/service_usage.go,client/users.go
cloudfoundry-community/go-cfclient,client/space_feature.go,client/users.go
cloudfoundry-community/go-cfclient,client/app.go,client/users.go
cloudfoundry-community/go-cfclient,client/service_offering.go,client/users.go
cloudfoundry-community/go-cfclient,client/service_plan_visibility.go,client/users.go
cloudfoundry-community/go-cfclient,client/audit_event.go,client/users.go
cloudfoundry-community/go-cfclient,client/security_group.go,client/users.go
cloudfoundry-community/go-cfclient,client/isolation_segment.go,client/users.go
cloudfoundry-community/go-cfclient,client/deployment.go,client/users.go
cloudfoundry-community/go-cfclient,client/job.go,client/users.go
cloudfoundry-community/go-cfclient,client/role.go,client/users.go
cloudfoundry-community/go-cfclient,client/task.go,client/users.go
cloudfoundry-community/go-cfclient,client/organization_quota.go,client/users.go
cloudfoundry-community/go-cfclient,client/path.go,client/users.go
cloudfoundry-community/go-cfclient,client/revision.go,client/users.go
cloudfoundry-community/go-cfclient,client/buildpack.go,client/users.go
cloudfoundry-community/go-cfclient,client/pager.go,client/users.go
cloudfoundry-community/go-cfclient,client/user.go,client/users.go
cloudfoundry-community/go-cfclient,client/process.go,client/users.go
cloudfoundry-community/go-cfclient,client/domain.go,client/users.go
cloudfoundry-community/go-cfclient,client/envar_group.go,client/users.go
cloudfoundry-community/go-cfclient,client/app.go,client/routes.go
cloudfoundry-community/go-cfclient,client/buildpack.go,client/routes.go
cloudfoundry-community/go-cfclient,client/pager.go,client/routes.go
cloudfoundry-community/go-cfclient,client/app_usage.go,client/routes.go
cloudfoundry-community/go-cfclient,client/manifest.go,client/routes.go
cloudfoundry-community/go-cfclient,client/task.go,client/routes.go
cloudfoundry-community/go-cfclient,client/role.go,client/routes.go
cloudfoundry-community/go-cfclient,client/package.go,client/routes.go
cloudfoundry-community/go-cfclient,client/list_opts.go,client/routes.go
cloudfoundry-community/go-cfclient,client/path.go,client/routes.go
cloudfoundry-community/go-cfclient,client/sidecar.go,client/routes.go
cloudfoundry-community/go-cfclient,client/service_offering.go,client/routes.go
cloudfoundry-community/go-cfclient,client/stack.go,client/routes.go
cloudfoundry-community/go-cfclient,client/envar_group.go,client/routes.go
cloudfoundry-community/go-cfclient,client/user.go,client/routes.go
cloudfoundry-community/go-cfclient,client/organization_quota.go,client/routes.go
cloudfoundry-community/go-cfclient,client/space.go,client/routes.go
cloudfoundry-community/go-cfclient,client/filter.go,client/routes.go
cloudfoundry-community/go-cfclient,client/audit_event.go,client/routes.go
cloudfoundry-community/go-cfclient,client/organization.go,client/routes.go
cloudfoundry-community/go-cfclient,client/resource_match.go,client/routes.go
cloudfoundry-community/go-cfclient,client/process.go,client/routes.go
cloudfoundry-community/go-cfclient,client/deployment.go,client/routes.go
cloudfoundry-community/go-cfclient,client/service_plan_visibility.go,client/routes.go
cloudfoundry-community/go-cfclient,client/service_usage.go,client/routes.go
cloudfoundry-community/go-cfclient,client/config.go,client/routes.go
cloudfoundry-community/go-cfclient,client/job.go,client/routes.go
cloudfoundry-community/go-cfclient,client/security_group.go,client/routes.go
cloudfoundry-community/go-cfclient,client/service_broker.go,client/routes.go
cloudfoundry-community/go-cfclient,client/domain.go,client/routes.go
cloudfoundry-community/go-cfclient,client/space_feature.go,client/routes.go
cloudfoundry-community/go-cfclient,client/isolation_segment.go,client/routes.go
cloudfoundry-community/go-cfclient,client/revision.go,client/routes.go
cloudfoundry-community/go-cfclient,operation/manifest.go,client/routes.go
cloudfoundry-community/go-cfclient,client/feature_flag.go,client/routes.go
cloudfoundry-community/go-cfclient,client/space_quota.go,client/routes.go
cloudfoundry-community/go-cfclient,client/app_features.go,client/routes.go
cloudfoundry-community/go-cfclient,client/space_feature.go,client/spaces.go
cloudfoundry-community/go-cfclient,operation/manifest.go,client/spaces.go
cloudfoundry-community/go-cfclient,client/domain.go,client/spaces.go
cloudfoundry-community/go-cfclient,client/process.go,client/spaces.go
cloudfoundry-community/go-cfclient,client/revision.go,client/spaces.go
cloudfoundry-community/go-cfclient,client/job.go,client/spaces.go
cloudfoundry-community/go-cfclient,client/filter.go,client/spaces.go
cloudfoundry-community/go-cfclient,client/service_broker.go,client/spaces.go
cloudfoundry-community/go-cfclient,client/resource_match.go,client/spaces.go
cloudfoundry-community/go-cfclient,client/app_usage.go,client/spaces.go
cloudfoundry-community/go-cfclient,client/pager.go,client/spaces.go
cloudfoundry-community/go-cfclient,client/deployment.go,client/spaces.go
cloudfoundry-community/go-cfclient,client/envar_group.go,client/spaces.go
cloudfoundry-community/go-cfclient,client/security_group.go,client/spaces.go
cloudfoundry-community/go-cfclient,client/task.go,client/spaces.go
cloudfoundry-community/go-cfclient,client/buildpack.go,client/spaces.go
cloudfoundry-community/go-cfclient,client/app.go,client/spaces.go
cloudfoundry-community/go-cfclient,client/role.go,client/spaces.go
cloudfoundry-community/go-cfclient,client/manifest.go,client/spaces.go
cloudfoundry-community/go-cfclient,client/organization_quota.go,client/spaces.go
cloudfoundry-community/go-cfclient,client/list_opts.go,client/spaces.go
cloudfoundry-community/go-cfclient,client/service_usage.go,client/spaces.go
cloudfoundry-community/go-cfclient,client/stack.go,client/spaces.go
cloudfoundry-community/go-cfclient,client/space.go,client/spaces.go
cloudfoundry-community/go-cfclient,client/user.go,client/spaces.go
cloudfoundry-community/go-cfclient,client/organization.go,client/spaces.go
cloudfoundry-community/go-cfclient,client/sidecar.go,client/spaces.go
cloudfoundry-community/go-cfclient,client/path.go,client/spaces.go
cloudfoundry-community/go-cfclient,client/service_offering.go,client/spaces.go
cloudfoundry-community/go-cfclient,client/space_quota.go,client/spaces.go
cloudfoundry-community/go-cfclient,client/config.go,client/spaces.go
cloudfoundry-community/go-cfclient,client/feature_flag.go,client/spaces.go
cloudfoundry-community/go-cfclient,client/service_plan_visibility.go,client/spaces.go
cloudfoundry-community/go-cfclient,client/app_features.go,client/spaces.go
cloudfoundry-community/go-cfclient,client/package.go,client/spaces.go
cloudfoundry-community/go-cfclient,client/audit_event.go,client/spaces.go
cloudfoundry-community/go-cfclient,client/isolation_segment.go,client/spaces.go
cloudfoundry-community/go-cfclient,client/app_features.go,client/stacks.go
cloudfoundry-community/go-cfclient,operation/manifest.go,client/stacks.go
cloudfoundry-community/go-cfclient,client/space_quota.go,client/stacks.go
cloudfoundry-community/go-cfclient,client/task.go,client/stacks.go
cloudfoundry-community/go-cfclient,client/envar_group.go,client/stacks.go
cloudfoundry-community/go-cfclient,client/service_plan_visibility.go,client/stacks.go
cloudfoundry-community/go-cfclient,client/user.go,client/stacks.go
cloudfoundry-community/go-cfclient,client/pager.go,client/stacks.go
cloudfoundry-community/go-cfclient,client/config.go,client/stacks.go
cloudfoundry-community/go-cfclient,client/deployment.go,client/stacks.go
cloudfoundry-community/go-cfclient,client/audit_event.go,client/stacks.go
cloudfoundry-community/go-cfclient,client/app_usage.go,client/stacks.go
cloudfoundry-community/go-cfclient,client/space.go,client/stacks.go
cloudfoundry-community/go-cfclient,client/stack.go,client/stacks.go
cloudfoundry-community/go-cfclient,client/process.go,client/stacks.go
cloudfoundry-community/go-cfclient,client/service_usage.go,client/stacks.go
cloudfoundry-community/go-cfclient,client/path.go,client/stacks.go
cloudfoundry-community/go-cfclient,client/feature_flag.go,client/stacks.go
cloudfoundry-community/go-cfclient,client/buildpack.go,client/stacks.go
cloudfoundry-community/go-cfclient,client/service_broker.go,client/stacks.go
cloudfoundry-community/go-cfclient,client/isolation_segment.go,client/stacks.go
cloudfoundry-community/go-cfclient,client/sidecar.go,client/stacks.go
cloudfoundry-community/go-cfclient,client/domain.go,client/stacks.go
cloudfoundry-community/go-cfclient,client/security_group.go,client/stacks.go
cloudfoundry-community/go-cfclient,client/revision.go,client/stacks.go
cloudfoundry-community/go-cfclient,client/filter.go,client/stacks.go
cloudfoundry-community/go-cfclient,client/package.go,client/stacks.go
cloudfoundry-community/go-cfclient,client/list_opts.go,client/stacks.go
cloudfoundry-community/go-cfclient,client/organization_quota.go,client/stacks.go
cloudfoundry-community/go-cfclient,client/service_offering.go,client/stacks.go
cloudfoundry-community/go-cfclient,client/manifest.go,client/stacks.go
cloudfoundry-community/go-cfclient,client/space_feature.go,client/stacks.go
cloudfoundry-community/go-cfclient,client/app.go,client/stacks.go
cloudfoundry-community/go-cfclient,client/role.go,client/stacks.go
cloudfoundry-community/go-cfclient,client/organization.go,client/stacks.go
cloudfoundry-community/go-cfclient,client/job.go,client/stacks.go
cloudfoundry-community/go-cfclient,client/resource_match.go,client/stacks.go
cloudfoundry-community/go-cfclient,client/stack.go,resource/apps.go
cloudfoundry-community/go-cfclient,client/deployment.go,resource/apps.go
cloudfoundry-community/go-cfclient,client/app.go,resource/apps.go
cloudfoundry-community/go-cfclient,client/job.go,resource/apps.go
cloudfoundry-community/go-cfclient,client/filter.go,resource/apps.go
cloudfoundry-community/go-cfclient,client/role.go,resource/apps.go
cloudfoundry-community/go-cfclient,operation/manifest.go,resource/apps.go
cloudfoundry-community/go-cfclient,client/domain.go,resource/apps.go
cloudfoundry-community/go-cfclient,client/task.go,resource/apps.go
cloudfoundry-community/go-cfclient,client/organization.go,resource/apps.go
cloudfoundry-community/go-cfclient,client/package.go,resource/apps.go
cloudfoundry-community/go-cfclient,client/space.go,resource/apps.go
cloudfoundry-community/go-cfclient,client/pager.go,resource/apps.go
cloudfoundry-community/go-cfclient,client/app_features.go,resource/apps.go
cloudfoundry-community/go-cfclient,client/audit_event.go,resource/apps.go
cloudfoundry-community/go-cfclient,client/sidecar.go,resource/apps.go
cloudfoundry-community/go-cfclient,client/service_usage.go,resource/apps.go
cloudfoundry-community/go-cfclient,client/manifest.go,resource/apps.go
cloudfoundry-community/go-cfclient,client/service_plan_visibility.go,resource/apps.go
cloudfoundry-community/go-cfclient,client/list_opts.go,resource/apps.go
cloudfoundry-community/go-cfclient,client/feature_flag.go,resource/apps.go
cloudfoundry-community/go-cfclient,client/security_group.go,resource/apps.go
cloudfoundry-community/go-cfclient,client/resource_match.go,resource/apps.go
cloudfoundry-community/go-cfclient,client/user.go,resource/apps.go
cloudfoundry-community/go-cfclient,client/space_quota.go,resource/apps.go
cloudfoundry-community/go-cfclient,client/envar_group.go,resource/apps.go
cloudfoundry-community/go-cfclient,client/process.go,resource/apps.go
cloudfoundry-community/go-cfclient,client/space_feature.go,resource/apps.go
cloudfoundry-community/go-cfclient,client/service_broker.go,resource/apps.go
cloudfoundry-community/go-cfclient,client/revision.go,resource/apps.go
cloudfoundry-community/go-cfclient,client/app_usage.go,resource/apps.go
cloudfoundry-community/go-cfclient,client/path.go,resource/apps.go
cloudfoundry-community/go-cfclient,client/service_offering.go,resource/apps.go
cloudfoundry-community/go-cfclient,client/isolation_segment.go,resource/apps.go
cloudfoundry-community/go-cfclient,client/buildpack.go,resource/apps.go
cloudfoundry-community/go-cfclient,client/config.go,resource/apps.go
cloudfoundry-community/go-cfclient,client/organization_quota.go,resource/apps.go
cloudfoundry-community/go-cfclient,client/app_features.go,resource/roles.go
cloudfoundry-community/go-cfclient,client/service_offering.go,resource/roles.go
cloudfoundry-community/go-cfclient,client/resource_match.go,resource/roles.go
cloudfoundry-community/go-cfclient,client/path.go,resource/roles.go
cloudfoundry-community/go-cfclient,client/app.go,resource/roles.go
cloudfoundry-community/go-cfclient,client/audit_event.go,resource/roles.go
cloudfoundry-community/go-cfclient,client/space_feature.go,resource/roles.go
cloudfoundry-community/go-cfclient,client/role.go,resource/roles.go
cloudfoundry-community/go-cfclient,client/deployment.go,resource/roles.go
cloudfoundry-community/go-cfclient,client/package.go,resource/roles.go
cloudfoundry-community/go-cfclient,client/feature_flag.go,resource/roles.go
cloudfoundry-community/go-cfclient,client/user.go,resource/roles.go
cloudfoundry-community/go-cfclient,client/revision.go,resource/roles.go
cloudfoundry-community/go-cfclient,client/service_plan_visibility.go,resource/roles.go
cloudfoundry-community/go-cfclient,operation/manifest.go,resource/roles.go
cloudfoundry-community/go-cfclient,client/isolation_segment.go,resource/roles.go
cloudfoundry-community/go-cfclient,client/pager.go,resource/roles.go
cloudfoundry-community/go-cfclient,client/service_usage.go,resource/roles.go
cloudfoundry-community/go-cfclient,client/job.go,resource/roles.go
cloudfoundry-community/go-cfclient,client/app_usage.go,resource/roles.go
cloudfoundry-community/go-cfclient,client/task.go,resource/roles.go
cloudfoundry-community/go-cfclient,client/security_group.go,resource/roles.go
cloudfoundry-community/go-cfclient,client/list_opts.go,resource/roles.go
cloudfoundry-community/go-cfclient,client/domain.go,resource/roles.go
cloudfoundry-community/go-cfclient,client/space.go,resource/roles.go
cloudfoundry-community/go-cfclient,client/service_broker.go,resource/roles.go
cloudfoundry-community/go-cfclient,client/config.go,resource/roles.go
cloudfoundry-community/go-cfclient,client/envar_group.go,resource/roles.go
cloudfoundry-community/go-cfclient,client/buildpack.go,resource/roles.go
cloudfoundry-community/go-cfclient,client/process.go,resource/roles.go
cloudfoundry-community/go-cfclient,client/sidecar.go,resource/roles.go
cloudfoundry-community/go-cfclient,client/organization_quota.go,resource/roles.go
cloudfoundry-community/go-cfclient,client/manifest.go,resource/roles.go
cloudfoundry-community/go-cfclient,client/space_quota.go,resource/roles.go
cloudfoundry-community/go-cfclient,client/stack.go,resource/roles.go
cloudfoundry-community/go-cfclient,client/filter.go,resource/roles.go
cloudfoundry-community/go-cfclient,client/organization.go,resource/roles.go
cloudfoundry-community/go-cfclient,client/revision.go,resource/route.go
cloudfoundry-community/go-cfclient,client/package.go,resource/route.go
cloudfoundry-community/go-cfclient,client/app_usage.go,resource/route.go
cloudfoundry-community/go-cfclient,client/space.go,resource/route.go
cloudfoundry-community/go-cfclient,client/isolation_segment.go,resource/route.go
cloudfoundry-community/go-cfclient,client/service_plan_visibility.go,resource/route.go
cloudfoundry-community/go-cfclient,client/process.go,resource/route.go
cloudfoundry-community/go-cfclient,client/domain.go,resource/route.go
cloudfoundry-community/go-cfclient,client/list_opts.go,resource/route.go
cloudfoundry-community/go-cfclient,client/service_usage.go,resource/route.go
cloudfoundry-community/go-cfclient,client/task.go,resource/route.go
cloudfoundry-community/go-cfclient,client/organization.go,resource/route.go
cloudfoundry-community/go-cfclient,client/path.go,resource/route.go
cloudfoundry-community/go-cfclient,client/filter.go,resource/route.go
cloudfoundry-community/go-cfclient,client/sidecar.go,resource/route.go
cloudfoundry-community/go-cfclient,client/app.go,resource/route.go
cloudfoundry-community/go-cfclient,client/space_feature.go,resource/route.go
cloudfoundry-community/go-cfclient,client/app_features.go,resource/route.go
cloudfoundry-community/go-cfclient,client/deployment.go,resource/route.go
cloudfoundry-community/go-cfclient,client/security_group.go,resource/route.go
cloudfoundry-community/go-cfclient,client/manifest.go,resource/route.go
cloudfoundry-community/go-cfclient,client/user.go,resource/route.go
cloudfoundry-community/go-cfclient,client/feature_flag.go,resource/route.go
cloudfoundry-community/go-cfclient,client/organization_quota.go,resource/route.go
cloudfoundry-community/go-cfclient,client/service_broker.go,resource/route.go
cloudfoundry-community/go-cfclient,client/stack.go,resource/route.go
cloudfoundry-community/go-cfclient,client/audit_event.go,resource/route.go
cloudfoundry-community/go-cfclient,client/config.go,resource/route.go
cloudfoundry-community/go-cfclient,client/space_quota.go,resource/route.go
cloudfoundry-community/go-cfclient,operation/manifest.go,resource/route.go
cloudfoundry-community/go-cfclient,client/buildpack.go,resource/route.go
cloudfoundry-community/go-cfclient,client/envar_group.go,resource/route.go
cloudfoundry-community/go-cfclient,client/service_offering.go,resource/route.go
cloudfoundry-community/go-cfclient,client/pager.go,resource/route.go
cloudfoundry-community/go-cfclient,client/resource_match.go,resource/route.go
cloudfoundry-community/go-cfclient,client/job.go,resource/route.go
cloudfoundry-community/go-cfclient,client/role.go,resource/route.go
cloudfoundry-community/go-cfclient,client/security_group.go,client/packages.go
cloudfoundry-community/go-cfclient,client/package.go,client/packages.go
cloudfoundry-community/go-cfclient,client/app.go,client/packages.go
cloudfoundry-community/go-cfclient,client/service_usage.go,client/packages.go
cloudfoundry-community/go-cfclient,client/sidecar.go,client/packages.go
cloudfoundry-community/go-cfclient,client/app_usage.go,client/packages.go
cloudfoundry-community/go-cfclient,client/feature_flag.go,client/packages.go
cloudfoundry-community/go-cfclient,client/manifest.go,client/packages.go
cloudfoundry-community/go-cfclient,client/organization_quota.go,client/packages.go
cloudfoundry-community/go-cfclient,client/app_features.go,client/packages.go
cloudfoundry-community/go-cfclient,client/resource_match.go,client/packages.go
cloudfoundry-community/go-cfclient,client/config.go,client/packages.go
cloudfoundry-community/go-cfclient,client/organization.go,client/packages.go
cloudfoundry-community/go-cfclient,client/pager.go,client/packages.go
cloudfoundry-community/go-cfclient,client/domain.go,client/packages.go
cloudfoundry-community/go-cfclient,client/space_feature.go,client/packages.go
cloudfoundry-community/go-cfclient,client/service_offering.go,client/packages.go
cloudfoundry-community/go-cfclient,client/service_plan_visibility.go,client/packages.go
cloudfoundry-community/go-cfclient,client/buildpack.go,client/packages.go
cloudfoundry-community/go-cfclient,client/list_opts.go,client/packages.go
cloudfoundry-community/go-cfclient,client/deployment.go,client/packages.go
cloudfoundry-community/go-cfclient,client/job.go,client/packages.go
cloudfoundry-community/go-cfclient,client/stack.go,client/packages.go
cloudfoundry-community/go-cfclient,operation/manifest.go,client/packages.go
cloudfoundry-community/go-cfclient,client/process.go,client/packages.go
cloudfoundry-community/go-cfclient,client/isolation_segment.go,client/packages.go
cloudfoundry-community/go-cfclient,client/space.go,client/packages.go
cloudfoundry-community/go-cfclient,client/path.go,client/packages.go
cloudfoundry-community/go-cfclient,client/role.go,client/packages.go
cloudfoundry-community/go-cfclient,client/space_quota.go,client/packages.go
cloudfoundry-community/go-cfclient,client/task.go,client/packages.go
cloudfoundry-community/go-cfclient,client/service_broker.go,client/packages.go
cloudfoundry-community/go-cfclient,client/user.go,client/packages.go
cloudfoundry-community/go-cfclient,client/audit_event.go,client/packages.go
cloudfoundry-community/go-cfclient,client/envar_group.go,client/packages.go
cloudfoundry-community/go-cfclient,client/filter.go,client/packages.go
cloudfoundry-community/go-cfclient,client/revision.go,client/packages.go
cloudfoundry-community/go-cfclient,client/deployment.go,resource/spaces.go
cloudfoundry-community/go-cfclient,client/isolation_segment.go,resource/spaces.go
cloudfoundry-community/go-cfclient,client/service_offering.go,resource/spaces.go
cloudfoundry-community/go-cfclient,operation/manifest.go,resource/spaces.go
cloudfoundry-community/go-cfclient,client/organization.go,resource/spaces.go
cloudfoundry-community/go-cfclient,client/buildpack.go,resource/spaces.go
cloudfoundry-community/go-cfclient,client/task.go,resource/spaces.go
cloudfoundry-community/go-cfclient,client/filter.go,resource/spaces.go
cloudfoundry-community/go-cfclient,client/role.go,resource/spaces.go
cloudfoundry-community/go-cfclient,client/app_usage.go,resource/spaces.go
cloudfoundry-community/go-cfclient,client/pager.go,resource/spaces.go
cloudfoundry-community/go-cfclient,client/app.go,resource/spaces.go
cloudfoundry-community/go-cfclient,client/sidecar.go,resource/spaces.go
cloudfoundry-community/go-cfclient,client/service_plan_visibility.go,resource/spaces.go
cloudfoundry-community/go-cfclient,client/service_usage.go,resource/spaces.go
cloudfoundry-community/go-cfclient,client/envar_group.go,resource/spaces.go
cloudfoundry-community/go-cfclient,client/revision.go,resource/spaces.go
cloudfoundry-community/go-cfclient,client/space.go,resource/spaces.go
cloudfoundry-community/go-cfclient,client/stack.go,resource/spaces.go
cloudfoundry-community/go-cfclient,client/package.go,resource/spaces.go
cloudfoundry-community/go-cfclient,client/space_quota.go,resource/spaces.go
cloudfoundry-community/go-cfclient,client/list_opts.go,resource/spaces.go
cloudfoundry-community/go-cfclient,client/job.go,resource/spaces.go
cloudfoundry-community/go-cfclient,client/organization_quota.go,resource/spaces.go
cloudfoundry-community/go-cfclient,client/user.go,resource/spaces.go
cloudfoundry-community/go-cfclient,client/feature_flag.go,resource/spaces.go
cloudfoundry-community/go-cfclient,client/domain.go,resource/spaces.go
cloudfoundry-community/go-cfclient,client/manifest.go,resource/spaces.go
cloudfoundry-community/go-cfclient,client/path.go,resource/spaces.go
cloudfoundry-community/go-cfclient,client/audit_event.go,resource/spaces.go
cloudfoundry-community/go-cfclient,client/resource_match.go,resource/spaces.go
cloudfoundry-community/go-cfclient,client/security_group.go,resource/spaces.go
cloudfoundry-community/go-cfclient,client/service_broker.go,resource/spaces.go
cloudfoundry-community/go-cfclient,client/app_features.go,resource/spaces.go
cloudfoundry-community/go-cfclient,client/config.go,resource/spaces.go
cloudfoundry-community/go-cfclient,client/process.go,resource/spaces.go
cloudfoundry-community/go-cfclient,client/space_feature.go,resource/spaces.go
cloudfoundry-community/go-cfclient,client/service_offering.go,tools/gen_error.go
cloudfoundry-community/go-cfclient,client/security_group.go,tools/gen_error.go
cloudfoundry-community/go-cfclient,client/audit_event.go,tools/gen_error.go
cloudfoundry-community/go-cfclient,client/job.go,tools/gen_error.go
cloudfoundry-community/go-cfclient,client/sidecar.go,tools/gen_error.go
cloudfoundry-community/go-cfclient,client/package.go,tools/gen_error.go
cloudfoundry-community/go-cfclient,client/space.go,tools/gen_error.go
cloudfoundry-community/go-cfclient,client/domain.go,tools/gen_error.go
cloudfoundry-community/go-cfclient,client/space_quota.go,tools/gen_error.go
cloudfoundry-community/go-cfclient,client/config.go,tools/gen_error.go
cloudfoundry-community/go-cfclient,client/service_plan_visibility.go,tools/gen_error.go
cloudfoundry-community/go-cfclient,client/buildpack.go,tools/gen_error.go
cloudfoundry-community/go-cfclient,client/organization.go,tools/gen_error.go
cloudfoundry-community/go-cfclient,client/service_usage.go,tools/gen_error.go
cloudfoundry-community/go-cfclient,client/task.go,tools/gen_error.go
cloudfoundry-community/go-cfclient,client/path.go,tools/gen_error.go
cloudfoundry-community/go-cfclient,client/pager.go,tools/gen_error.go
cloudfoundry-community/go-cfclient,client/organization_quota.go,tools/gen_error.go
cloudfoundry-community/go-cfclient,client/app_usage.go,tools/gen_error.go
cloudfoundry-community/go-cfclient,client/service_broker.go,tools/gen_error.go
cloudfoundry-community/go-cfclient,client/feature_flag.go,tools/gen_error.go
cloudfoundry-community/go-cfclient,client/manifest.go,tools/gen_error.go
cloudfoundry-community/go-cfclient,client/resource_match.go,tools/gen_error.go
cloudfoundry-community/go-cfclient,client/user.go,tools/gen_error.go
cloudfoundry-community/go-cfclient,client/space_feature.go,tools/gen_error.go
cloudfoundry-community/go-cfclient,client/process.go,tools/gen_error.go
cloudfoundry-community/go-cfclient,client/role.go,tools/gen_error.go
cloudfoundry-community/go-cfclient,client/app.go,tools/gen_error.go
cloudfoundry-community/go-cfclient,client/filter.go,tools/gen_error.go
cloudfoundry-community/go-cfclient,operation/manifest.go,tools/gen_error.go
cloudfoundry-community/go-cfclient,client/stack.go,tools/gen_error.go
cloudfoundry-community/go-cfclient,client/app_features.go,tools/gen_error.go
cloudfoundry-community/go-cfclient,client/isolation_segment.go,tools/gen_error.go
cloudfoundry-community/go-cfclient,client/revision.go,tools/gen_error.go
cloudfoundry-community/go-cfclient,client/list_opts.go,tools/gen_error.go
cloudfoundry-community/go-cfclient,client/deployment.go,tools/gen_error.go
cloudfoundry-community/go-cfclient,client/envar_group.go,tools/gen_error.go
cloudfoundry-community/go-cfclient,client/envar_group.go,resource/droplet.go
cloudfoundry-community/go-cfclient,client/resource_match.go,resource/droplet.go
cloudfoundry-community/go-cfclient,client/space_quota.go,resource/droplet.go
cloudfoundry-community/go-cfclient,client/space_feature.go,resource/droplet.go
cloudfoundry-community/go-cfclient,client/task.go,resource/droplet.go
cloudfoundry-community/go-cfclient,client/audit_event.go,resource/droplet.go
cloudfoundry-community/go-cfclient,client/isolation_segment.go,resource/droplet.go
cloudfoundry-community/go-cfclient,client/security_group.go,resource/droplet.go
cloudfoundry-community/go-cfclient,client/process.go,resource/droplet.go
cloudfoundry-community/go-cfclient,client/package.go,resource/droplet.go
cloudfoundry-community/go-cfclient,client/organization.go,resource/droplet.go
cloudfoundry-community/go-cfclient,client/app_usage.go,resource/droplet.go
cloudfoundry-community/go-cfclient,client/app_features.go,resource/droplet.go
cloudfoundry-community/go-cfclient,client/path.go,resource/droplet.go
cloudfoundry-community/go-cfclient,client/organization_quota.go,resource/droplet.go
cloudfoundry-community/go-cfclient,client/app.go,resource/droplet.go
cloudfoundry-community/go-cfclient,client/pager.go,resource/droplet.go
cloudfoundry-community/go-cfclient,client/buildpack.go,resource/droplet.go
cloudfoundry-community/go-cfclient,client/config.go,resource/droplet.go
cloudfoundry-community/go-cfclient,client/role.go,resource/droplet.go
cloudfoundry-community/go-cfclient,client/service_plan_visibility.go,resource/droplet.go
cloudfoundry-community/go-cfclient,client/sidecar.go,resource/droplet.go
cloudfoundry-community/go-cfclient,client/deployment.go,resource/droplet.go
cloudfoundry-community/go-cfclient,client/service_broker.go,resource/droplet.go
cloudfoundry-community/go-cfclient,client/service_offering.go,resource/droplet.go
cloudfoundry-community/go-cfclient,client/space.go,resource/droplet.go
cloudfoundry-community/go-cfclient,client/feature_flag.go,resource/droplet.go
cloudfoundry-community/go-cfclient,client/service_usage.go,resource/droplet.go
cloudfoundry-community/go-cfclient,client/manifest.go,resource/droplet.go
cloudfoundry-community/go-cfclient,client/filter.go,resource/droplet.go
cloudfoundry-community/go-cfclient,client/user.go,resource/droplet.go
cloudfoundry-community/go-cfclient,client/domain.go,resource/droplet.go
cloudfoundry-community/go-cfclient,client/list_opts.go,resource/droplet.go
cloudfoundry-community/go-cfclient,client/stack.go,resource/droplet.go
cloudfoundry-community/go-cfclient,client/job.go,resource/droplet.go
cloudfoundry-community/go-cfclient,client/revision.go,resource/droplet.go
cloudfoundry-community/go-cfclient,operation/manifest.go,resource/droplet.go
cloudfoundry-community/go-cfclient,client/app_usage.go,client/deployments.go
cloudfoundry-community/go-cfclient,client/organization_quota.go,client/deployments.go
cloudfoundry-community/go-cfclient,client/security_group.go,client/deployments.go
cloudfoundry-community/go-cfclient,client/space_feature.go,client/deployments.go
cloudfoundry-community/go-cfclient,client/organization.go,client/deployments.go
cloudfoundry-community/go-cfclient,client/path.go,client/deployments.go
cloudfoundry-community/go-cfclient,client/pager.go,client/deployments.go
cloudfoundry-community/go-cfclient,client/task.go,client/deployments.go
cloudfoundry-community/go-cfclient,client/feature_flag.go,client/deployments.go
cloudfoundry-community/go-cfclient,client/app_features.go,client/deployments.go
cloudfoundry-community/go-cfclient,client/role.go,client/deployments.go
cloudfoundry-community/go-cfclient,operation/manifest.go,client/deployments.go
cloudfoundry-community/go-cfclient,client/user.go,client/deployments.go
cloudfoundry-community/go-cfclient,client/service_offering.go,client/deployments.go
cloudfoundry-community/go-cfclient,client/space_quota.go,client/deployments.go
cloudfoundry-community/go-cfclient,client/revision.go,client/deployments.go
cloudfoundry-community/go-cfclient,client/sidecar.go,client/deployments.go
cloudfoundry-community/go-cfclient,client/deployment.go,client/deployments.go
cloudfoundry-community/go-cfclient,client/manifest.go,client/deployments.go
cloudfoundry-community/go-cfclient,client/list_opts.go,client/deployments.go
cloudfoundry-community/go-cfclient,client/filter.go,client/deployments.go
cloudfoundry-community/go-cfclient,client/service_usage.go,client/deployments.go
cloudfoundry-community/go-cfclient,client/service_plan_visibility.go,client/deployments.go
cloudfoundry-community/go-cfclient,client/buildpack.go,client/deployments.go
cloudfoundry-community/go-cfclient,client/process.go,client/deployments.go
cloudfoundry-community/go-cfclient,client/audit_event.go,client/deployments.go
cloudfoundry-community/go-cfclient,client/envar_group.go,client/deployments.go
cloudfoundry-community/go-cfclient,client/isolation_segment.go,client/deployments.go
cloudfoundry-community/go-cfclient,client/resource_match.go,client/deployments.go
cloudfoundry-community/go-cfclient,client/job.go,client/deployments.go
cloudfoundry-community/go-cfclient,client/config.go,client/deployments.go
cloudfoundry-community/go-cfclient,client/space.go,client/deployments.go
cloudfoundry-community/go-cfclient,client/service_broker.go,client/deployments.go
cloudfoundry-community/go-cfclient,client/domain.go,client/deployments.go
cloudfoundry-community/go-cfclient,client/package.go,client/deployments.go
cloudfoundry-community/go-cfclient,client/stack.go,client/deployments.go
cloudfoundry-community/go-cfclient,client/app.go,client/deployments.go
cloudfoundry-community/go-cfclient,client/filter.go,client/security_groups.go
cloudfoundry-community/go-cfclient,client/package.go,client/security_groups.go
cloudfoundry-community/go-cfclient,client/envar_group.go,client/security_groups.go
cloudfoundry-community/go-cfclient,client/user.go,client/security_groups.go
cloudfoundry-community/go-cfclient,client/audit_event.go,client/security_groups.go
cloudfoundry-community/go-cfclient,client/space_feature.go,client/security_groups.go
cloudfoundry-community/go-cfclient,client/config.go,client/security_groups.go
cloudfoundry-community/go-cfclient,client/service_usage.go,client/security_groups.go
cloudfoundry-community/go-cfclient,client/path.go,client/security_groups.go
cloudfoundry-community/go-cfclient,client/manifest.go,client/security_groups.go
cloudfoundry-community/go-cfclient,client/app.go,client/security_groups.go
cloudfoundry-community/go-cfclient,client/pager.go,client/security_groups.go
cloudfoundry-community/go-cfclient,client/security_group.go,client/security_groups.go
cloudfoundry-community/go-cfclient,client/stack.go,client/security_groups.go
cloudfoundry-community/go-cfclient,client/space_quota.go,client/security_groups.go
cloudfoundry-community/go-cfclient,client/service_offering.go,client/security_groups.go
cloudfoundry-community/go-cfclient,client/feature_flag.go,client/security_groups.go
cloudfoundry-community/go-cfclient,client/resource_match.go,client/security_groups.go
cloudfoundry-community/go-cfclient,client/role.go,client/security_groups.go
cloudfoundry-community/go-cfclient,client/deployment.go,client/security_groups.go
cloudfoundry-community/go-cfclient,operation/manifest.go,client/security_groups.go
cloudfoundry-community/go-cfclient,client/service_broker.go,client/security_groups.go
cloudfoundry-community/go-cfclient,client/list_opts.go,client/security_groups.go
cloudfoundry-community/go-cfclient,client/domain.go,client/security_groups.go
cloudfoundry-community/go-cfclient,client/revision.go,client/security_groups.go
cloudfoundry-community/go-cfclient,client/service_plan_visibility.go,client/security_groups.go
cloudfoundry-community/go-cfclient,client/isolation_segment.go,client/security_groups.go
cloudfoundry-community/go-cfclient,client/process.go,client/security_groups.go
cloudfoundry-community/go-cfclient,client/organization_quota.go,client/security_groups.go
cloudfoundry-community/go-cfclient,client/sidecar.go,client/security_groups.go
cloudfoundry-community/go-cfclient,client/app_features.go,client/security_groups.go
cloudfoundry-community/go-cfclient,client/buildpack.go,client/security_groups.go
cloudfoundry-community/go-cfclient,client/app_usage.go,client/security_groups.go
cloudfoundry-community/go-cfclient,client/space.go,client/security_groups.go
cloudfoundry-community/go-cfclient,client/job.go,client/security_groups.go
cloudfoundry-community/go-cfclient,client/organization.go,client/security_groups.go
cloudfoundry-community/go-cfclient,client/task.go,client/security_groups.go
cloudfoundry-community/go-cfclient,client/task.go,examples/push_app/main.go
cloudfoundry-community/go-cfclient,operation/manifest.go,examples/push_app/main.go
cloudfoundry-community/go-cfclient,client/organization.go,examples/push_app/main.go
cloudfoundry-community/go-cfclient,client/app.go,examples/push_app/main.go
cloudfoundry-community/go-cfclient,client/path.go,examples/push_app/main.go
cloudfoundry-community/go-cfclient,client/envar_group.go,examples/push_app/main.go
cloudfoundry-community/go-cfclient,client/domain.go,examples/push_app/main.go
cloudfoundry-community/go-cfclient,client/app_features.go,examples/push_app/main.go
cloudfoundry-community/go-cfclient,client/deployment.go,examples/push_app/main.go
cloudfoundry-community/go-cfclient,client/filter.go,examples/push_app/main.go
cloudfoundry-community/go-cfclient,client/user.go,examples/push_app/main.go
cloudfoundry-community/go-cfclient,client/space_feature.go,examples/push_app/main.go
cloudfoundry-community/go-cfclient,client/service_broker.go,examples/push_app/main.go
cloudfoundry-community/go-cfclient,client/list_opts.go,examples/push_app/main.go
cloudfoundry-community/go-cfclient,client/security_group.go,examples/push_app/main.go
cloudfoundry-community/go-cfclient,client/buildpack.go,examples/push_app/main.go
cloudfoundry-community/go-cfclient,client/feature_flag.go,examples/push_app/main.go
cloudfoundry-community/go-cfclient,client/manifest.go,examples/push_app/main.go
cloudfoundry-community/go-cfclient,client/revision.go,examples/push_app/main.go
cloudfoundry-community/go-cfclient,client/audit_event.go,examples/push_app/main.go
cloudfoundry-community/go-cfclient,client/app_usage.go,examples/push_app/main.go
cloudfoundry-community/go-cfclient,client/space.go,examples/push_app/main.go
cloudfoundry-community/go-cfclient,client/stack.go,examples/push_app/main.go
cloudfoundry-community/go-cfclient,client/service_plan_visibility.go,examples/push_app/main.go
cloudfoundry-community/go-cfclient,client/space_quota.go,examples/push_app/main.go
cloudfoundry-community/go-cfclient,client/config.go,examples/push_app/main.go
cloudfoundry-community/go-cfclient,client/sidecar.go,examples/push_app/main.go
cloudfoundry-community/go-cfclient,client/job.go,examples/push_app/main.go
cloudfoundry-community/go-cfclient,client/resource_match.go,examples/push_app/main.go
cloudfoundry-community/go-cfclient,client/service_offering.go,examples/push_app/main.go
cloudfoundry-community/go-cfclient,client/organization_quota.go,examples/push_app/main.go
cloudfoundry-community/go-cfclient,client/isolation_segment.go,examples/push_app/main.go
cloudfoundry-community/go-cfclient,client/role.go,examples/push_app/main.go
cloudfoundry-community/go-cfclient,client/pager.go,examples/push_app/main.go
cloudfoundry-community/go-cfclient,client/package.go,examples/push_app/main.go
cloudfoundry-community/go-cfclient,client/process.go,examples/push_app/main.go
cloudfoundry-community/go-cfclient,client/service_usage.go,examples/push_app/main.go
cloudfoundry-community/go-cfclient,client/process.go,internal/http/executor.go
cloudfoundry-community/go-cfclient,client/space.go,internal/http/executor.go
cloudfoundry-community/go-cfclient,client/revision.go,internal/http/executor.go
cloudfoundry-community/go-cfclient,client/job.go,internal/http/executor.go
cloudfoundry-community/go-cfclient,client/sidecar.go,internal/http/executor.go
cloudfoundry-community/go-cfclient,client/task.go,internal/http/executor.go
cloudfoundry-community/go-cfclient,client/resource_match.go,internal/http/executor.go
cloudfoundry-community/go-cfclient,client/feature_flag.go,internal/http/executor.go
cloudfoundry-community/go-cfclient,client/stack.go,internal/http/executor.go
cloudfoundry-community/go-cfclient,client/role.go,internal/http/executor.go
cloudfoundry-community/go-cfclient,client/pager.go,internal/http/executor.go
cloudfoundry-community/go-cfclient,client/app.go,internal/http/executor.go
cloudfoundry-community/go-cfclient,client/user.go,internal/http/executor.go
cloudfoundry-community/go-cfclient,client/deployment.go,internal/http/executor.go
cloudfoundry-community/go-cfclient,client/service_broker.go,internal/http/executor.go
cloudfoundry-community/go-cfclient,client/path.go,internal/http/executor.go
cloudfoundry-community/go-cfclient,client/organization_quota.go,internal/http/executor.go
cloudfoundry-community/go-cfclient,client/isolation_segment.go,internal/http/executor.go
cloudfoundry-community/go-cfclient,client/manifest.go,internal/http/executor.go
cloudfoundry-community/go-cfclient,client/buildpack.go,internal/http/executor.go
cloudfoundry-community/go-cfclient,client/package.go,internal/http/executor.go
cloudfoundry-community/go-cfclient,client/space_quota.go,internal/http/executor.go
cloudfoundry-community/go-cfclient,client/app_usage.go,internal/http/executor.go
cloudfoundry-community/go-cfclient,client/space_feature.go,internal/http/executor.go
cloudfoundry-community/go-cfclient,client/app_features.go,internal/http/executor.go
cloudfoundry-community/go-cfclient,client/envar_group.go,internal/http/executor.go
cloudfoundry-community/go-cfclient,client/service_usage.go,internal/http/executor.go
cloudfoundry-community/go-cfclient,client/config.go,internal/http/executor.go
cloudfoundry-community/go-cfclient,client/service_plan_visibility.go,internal/http/executor.go
cloudfoundry-community/go-cfclient,client/domain.go,internal/http/executor.go
cloudfoundry-community/go-cfclient,client/filter.go,internal/http/executor.go
cloudfoundry-community/go-cfclient,client/list_opts.go,internal/http/executor.go
cloudfoundry-community/go-cfclient,operation/manifest.go,internal/http/executor.go
cloudfoundry-community/go-cfclient,client/service_offering.go,internal/http/executor.go
cloudfoundry-community/go-cfclient,client/security_group.go,internal/http/executor.go
cloudfoundry-community/go-cfclient,client/audit_event.go,internal/http/executor.go
cloudfoundry-community/go-cfclient,client/organization.go,internal/http/executor.go
cloudfoundry-community/go-cfclient,client/app_features.go,resource/organizations.go
cloudfoundry-community/go-cfclient,client/resource_match.go,resource/organizations.go
cloudfoundry-community/go-cfclient,client/revision.go,resource/organizations.go
cloudfoundry-community/go-cfclient,client/space.go,resource/organizations.go
cloudfoundry-community/go-cfclient,client/feature_flag.go,resource/organizations.go
cloudfoundry-community/go-cfclient,client/path.go,resource/organizations.go
cloudfoundry-community/go-cfclient,client/list_opts.go,resource/organizations.go
cloudfoundry-community/go-cfclient,client/app_usage.go,resource/organizations.go
cloudfoundry-community/go-cfclient,client/organization_quota.go,resource/organizations.go
cloudfoundry-community/go-cfclient,client/task.go,resource/organizations.go
cloudfoundry-community/go-cfclient,client/config.go,resource/organizations.go
cloudfoundry-community/go-cfclient,client/buildpack.go,resource/organizations.go
cloudfoundry-community/go-cfclient,operation/manifest.go,resource/organizations.go
cloudfoundry-community/go-cfclient,client/app.go,resource/organizations.go
cloudfoundry-community/go-cfclient,client/isolation_segment.go,resource/organizations.go
cloudfoundry-community/go-cfclient,client/pager.go,resource/organizations.go
cloudfoundry-community/go-cfclient,client/stack.go,resource/organizations.go
cloudfoundry-community/go-cfclient,client/package.go,resource/organizations.go
cloudfoundry-community/go-cfclient,client/envar_group.go,resource/organizations.go
cloudfoundry-community/go-cfclient,client/space_feature.go,resource/organizations.go
cloudfoundry-community/go-cfclient,client/sidecar.go,resource/organizations.go
cloudfoundry-community/go-cfclient,client/manifest.go,resource/organizations.go
cloudfoundry-community/go-cfclient,client/service_broker.go,resource/organizations.go
cloudfoundry-community/go-cfclient,client/user.go,resource/organizations.go
cloudfoundry-community/go-cfclient,client/organization.go,resource/organizations.go
cloudfoundry-community/go-cfclient,client/service_usage.go,resource/organizations.go
cloudfoundry-community/go-cfclient,client/service_offering.go,resource/organizations.go
cloudfoundry-community/go-cfclient,client/process.go,resource/organizations.go
cloudfoundry-community/go-cfclient,client/security_group.go,resource/organizations.go
cloudfoundry-community/go-cfclient,client/domain.go,resource/organizations.go
cloudfoundry-community/go-cfclient,client/role.go,resource/organizations.go
cloudfoundry-community/go-cfclient,client/service_plan_visibility.go,resource/organizations.go
cloudfoundry-community/go-cfclient,client/deployment.go,resource/organizations.go
cloudfoundry-community/go-cfclient,client/space_quota.go,resource/organizations.go
cloudfoundry-community/go-cfclient,client/job.go,resource/organizations.go
cloudfoundry-community/go-cfclient,client/audit_event.go,resource/organizations.go
cloudfoundry-community/go-cfclient,client/filter.go,resource/organizations.go
cloudfoundry-community/go-cfclient,client/manifest.go,client/service_instances.go
cloudfoundry-community/go-cfclient,client/job.go,client/service_instances.go
cloudfoundry-community/go-cfclient,client/buildpack.go,client/service_instances.go
cloudfoundry-community/go-cfclient,client/user.go,client/service_instances.go
cloudfoundry-community/go-cfclient,client/organization.go,client/service_instances.go
cloudfoundry-community/go-cfclient,client/security_group.go,client/service_instances.go
cloudfoundry-community/go-cfclient,client/resource_match.go,client/service_instances.go
cloudfoundry-community/go-cfclient,client/space_feature.go,client/service_instances.go
cloudfoundry-community/go-cfclient,client/sidecar.go,client/service_instances.go
cloudfoundry-community/go-cfclient,client/app_usage.go,client/service_instances.go
cloudfoundry-community/go-cfclient,client/pager.go,client/service_instances.go
cloudfoundry-community/go-cfclient,client/service_usage.go,client/service_instances.go
cloudfoundry-community/go-cfclient,client/revision.go,client/service_instances.go
cloudfoundry-community/go-cfclient,client/path.go,client/service_instances.go
cloudfoundry-community/go-cfclient,client/space_quota.go,client/service_instances.go
cloudfoundry-community/go-cfclient,client/service_plan_visibility.go,client/service_instances.go
cloudfoundry-community/go-cfclient,client/isolation_segment.go,client/service_instances.go
cloudfoundry-community/go-cfclient,client/role.go,client/service_instances.go
cloudfoundry-community/go-cfclient,client/task.go,client/service_instances.go
cloudfoundry-community/go-cfclient,client/feature_flag.go,client/service_instances.go
cloudfoundry-community/go-cfclient,client/audit_event.go,client/service_instances.go
cloudfoundry-community/go-cfclient,client/config.go,client/service_instances.go
cloudfoundry-community/go-cfclient,client/list_opts.go,client/service_instances.go
cloudfoundry-community/go-cfclient,client/organization_quota.go,client/service_instances.go
cloudfoundry-community/go-cfclient,client/service_broker.go,client/service_instances.go
cloudfoundry-community/go-cfclient,client/service_offering.go,client/service_instances.go
cloudfoundry-community/go-cfclient,client/space.go,client/service_instances.go
cloudfoundry-community/go-cfclient,client/envar_group.go,client/service_instances.go
cloudfoundry-community/go-cfclient,client/domain.go,client/service_instances.go
cloudfoundry-community/go-cfclient,client/stack.go,client/service_instances.go
cloudfoundry-community/go-cfclient,operation/manifest.go,client/service_instances.go
cloudfoundry-community/go-cfclient,client/deployment.go,client/service_instances.go
cloudfoundry-community/go-cfclient,client/app_features.go,client/service_instances.go
cloudfoundry-community/go-cfclient,client/app.go,client/service_instances.go
cloudfoundry-community/go-cfclient,client/process.go,client/service_instances.go
cloudfoundry-community/go-cfclient,client/filter.go,client/service_instances.go
cloudfoundry-community/go-cfclient,client/package.go,client/service_instances.go
cloudfoundry-community/go-cfclient,client/role.go,client/service_credential_bindings.go
cloudfoundry-community/go-cfclient,client/organization_quota.go,client/service_credential_bindings.go
cloudfoundry-community/go-cfclient,client/job.go,client/service_credential_bindings.go
cloudfoundry-community/go-cfclient,client/deployment.go,client/service_credential_bindings.go
cloudfoundry-community/go-cfclient,client/space_feature.go,client/service_credential_bindings.go
cloudfoundry-community/go-cfclient,client/resource_match.go,client/service_credential_bindings.go
cloudfoundry-community/go-cfclient,client/sidecar.go,client/service_credential_bindings.go
cloudfoundry-community/go-cfclient,client/organization.go,client/service_credential_bindings.go
cloudfoundry-community/go-cfclient,client/app_features.go,client/service_credential_bindings.go
cloudfoundry-community/go-cfclient,client/audit_event.go,client/service_credential_bindings.go
cloudfoundry-community/go-cfclient,client/service_plan_visibility.go,client/service_credential_bindings.go
cloudfoundry-community/go-cfclient,client/list_opts.go,client/service_credential_bindings.go
cloudfoundry-community/go-cfclient,client/path.go,client/service_credential_bindings.go
cloudfoundry-community/go-cfclient,client/task.go,client/service_credential_bindings.go
cloudfoundry-community/go-cfclient,client/isolation_segment.go,client/service_credential_bindings.go
cloudfoundry-community/go-cfclient,client/config.go,client/service_credential_bindings.go
cloudfoundry-community/go-cfclient,client/space.go,client/service_credential_bindings.go
cloudfoundry-community/go-cfclient,client/user.go,client/service_credential_bindings.go
cloudfoundry-community/go-cfclient,client/security_group.go,client/service_credential_bindings.go
cloudfoundry-community/go-cfclient,client/service_usage.go,client/service_credential_bindings.go
cloudfoundry-community/go-cfclient,client/app.go,client/service_credential_bindings.go
cloudfoundry-community/go-cfclient,client/buildpack.go,client/service_credential_bindings.go
cloudfoundry-community/go-cfclient,client/stack.go,client/service_credential_bindings.go
cloudfoundry-community/go-cfclient,client/feature_flag.go,client/service_credential_bindings.go
cloudfoundry-community/go-cfclient,client/envar_group.go,client/service_credential_bindings.go
cloudfoundry-community/go-cfclient,client/process.go,client/service_credential_bindings.go
cloudfoundry-community/go-cfclient,client/filter.go,client/service_credential_bindings.go
cloudfoundry-community/go-cfclient,client/service_broker.go,client/service_credential_bindings.go
cloudfoundry-community/go-cfclient,client/service_offering.go,client/service_credential_bindings.go
cloudfoundry-community/go-cfclient,client/revision.go,client/service_credential_bindings.go
cloudfoundry-community/go-cfclient,client/manifest.go,client/service_credential_bindings.go
cloudfoundry-community/go-cfclient,client/app_usage.go,client/service_credential_bindings.go
cloudfoundry-community/go-cfclient,operation/manifest.go,client/service_credential_bindings.go
cloudfoundry-community/go-cfclient,client/pager.go,client/service_credential_bindings.go
cloudfoundry-community/go-cfclient,client/space_quota.go,client/service_credential_bindings.go
cloudfoundry-community/go-cfclient,client/package.go,client/service_credential_bindings.go
cloudfoundry-community/go-cfclient,client/domain.go,client/service_credential_bindings.go
cloudfoundry-community/go-cfclient,client/feature_flag.go,internal/http/oauth_session_manager.go
cloudfoundry-community/go-cfclient,client/organization.go,internal/http/oauth_session_manager.go
cloudfoundry-community/go-cfclient,client/list_opts.go,internal/http/oauth_session_manager.go
cloudfoundry-community/go-cfclient,client/task.go,internal/http/oauth_session_manager.go
cloudfoundry-community/go-cfclient,client/filter.go,internal/http/oauth_session_manager.go
cloudfoundry-community/go-cfclient,client/isolation_segment.go,internal/http/oauth_session_manager.go
cloudfoundry-community/go-cfclient,client/app_features.go,internal/http/oauth_session_manager.go
cloudfoundry-community/go-cfclient,client/job.go,internal/http/oauth_session_manager.go
cloudfoundry-community/go-cfclient,client/audit_event.go,internal/http/oauth_session_manager.go
cloudfoundry-community/go-cfclient,client/envar_group.go,internal/http/oauth_session_manager.go
cloudfoundry-community/go-cfclient,client/buildpack.go,internal/http/oauth_session_manager.go
cloudfoundry-community/go-cfclient,client/config.go,internal/http/oauth_session_manager.go
cloudfoundry-community/go-cfclient,operation/manifest.go,internal/http/oauth_session_manager.go
cloudfoundry-community/go-cfclient,client/pager.go,internal/http/oauth_session_manager.go
cloudfoundry-community/go-cfclient,client/process.go,internal/http/oauth_session_manager.go
cloudfoundry-community/go-cfclient,client/app_usage.go,internal/http/oauth_session_manager.go
cloudfoundry-community/go-cfclient,client/space_quota.go,internal/http/oauth_session_manager.go
cloudfoundry-community/go-cfclient,client/app.go,internal/http/oauth_session_manager.go
cloudfoundry-community/go-cfclient,client/manifest.go,internal/http/oauth_session_manager.go
cloudfoundry-community/go-cfclient,client/service_offering.go,internal/http/oauth_session_manager.go
cloudfoundry-community/go-cfclient,client/stack.go,internal/http/oauth_session_manager.go
cloudfoundry-community/go-cfclient,client/service_plan_visibility.go,internal/http/oauth_session_manager.go
cloudfoundry-community/go-cfclient,client/role.go,internal/http/oauth_session_manager.go
cloudfoundry-community/go-cfclient,client/revision.go,internal/http/oauth_session_manager.go
cloudfoundry-community/go-cfclient,client/sidecar.go,internal/http/oauth_session_manager.go
cloudfoundry-community/go-cfclient,client/package.go,internal/http/oauth_session_manager.go
cloudfoundry-community/go-cfclient,client/path.go,internal/http/oauth_session_manager.go
cloudfoundry-community/go-cfclient,client/organization_quota.go,internal/http/oauth_session_manager.go
cloudfoundry-community/go-cfclient,client/service_broker.go,internal/http/oauth_session_manager.go
cloudfoundry-community/go-cfclient,client/resource_match.go,internal/http/oauth_session_manager.go
cloudfoundry-community/go-cfclient,client/domain.go,internal/http/oauth_session_manager.go
cloudfoundry-community/go-cfclient,client/security_group.go,internal/http/oauth_session_manager.go
cloudfoundry-community/go-cfclient,client/space_feature.go,internal/http/oauth_session_manager.go
cloudfoundry-community/go-cfclient,client/space.go,internal/http/oauth_session_manager.go
cloudfoundry-community/go-cfclient,client/service_usage.go,internal/http/oauth_session_manager.go
cloudfoundry-community/go-cfclient,client/deployment.go,internal/http/oauth_session_manager.go
cloudfoundry-community/go-cfclient,client/user.go,internal/http/oauth_session_manager.go
